ID;Tag
5;machine-learning
7;education
7;open-source
14;data-mining
14;definitions
15;databases
16;machine-learning
16;bigdata
16;libsvm
19;bigdata
19;scalability
19;efficiency
19;performance
20;nosql
20;relational-dbms
22;data-mining
22;clustering
22;octave
22;k-means
22;categorical-data
31;data-mining
31;clustering
35;algorithms
38;nosql
38;tools
38;processing
38;hadoop
41;bigdata
41;r
50;r
50;databases
50;efficiency
50;tools
52;r
52;data-cleaning
59;hadoop
59;r
61;machine-learning
61;predictive-modeling
69;processing
71;bigdata
71;statistics
75;statistics
76;bigdata
76;tools
76;data-stream-mining
77;databases
77;nosql
77;neo4j
81;definitions
81;parallelism
81;distributed
86;clustering
89;bigdata
89;google
89;search
94;recommendation
94;information-retrieval
102;nosql
102;performance
103;clustering
103;algorithms
103;similarity
107;tools
107;data-stream-mining
113;bigdata
113;nosql
113;databases
115;data-mining
115;machine-learning
116;machine-learning
116;dimensionality-reduction
116;python
125;nosql
128;nlp
128;topic-model
128;lda
129;nlp
129;language-model
130;dimensionality-reduction
130;feature-selection
134;scalability
134;hadoop
134;map-reduce
134;mongodb
138;bigdata
138;efficiency
138;performance
143;nosql
143;efficiency
143;indexing
143;data-indexing-techniques
143;.net
155;open-source
155;dataset
159;bigdata
159;machine-learning
159;databases
159;statistics
159;education
169;machine-learning
169;statistics
169;feature-selection
172;performance
172;python
172;pandas
172;parallel
175;metadata
175;parsing
176;social-network-analysis
176;time-series
176;javascript
176;visualization
184;tools
186;svm
186;classification
186;binary
189;r
189;open-source
189;parallelism
189;optimization
191;neuralnetwork
192;usecase
192;consumerweb
196;machine-learning
196;classification
199;topic-model
199;lda
199;parameter
205;parallel
205;clusters
205;aws
209;recommendation
211;bigdata
211;machine-learning
211;databases
211;clustering
211;data-mining
215;machine-learning
215;python
215;pandas
215;sklearn
218;python
218;pandas
223;nlp
223;metadata
223;data-cleaning
223;text-mining
224;untagged
227;bigdata
227;efficiency
227;hadoop
227;distributed
228;bigdata
228;hadoop
231;classification
231;confusion-matrix
231;accuracy
234;knowledge-base
235;python
235;visualization
252;bigdata
252;hadoop
253;bigdata
253;hadoop
262;data-formats
262;hierarchical-data-format
265;machine-learning
265;sports
266;machine-learning
280;feature-selection
289;education
305;hadoop
305;map-reduce
305;aws
307;bigdata
307;hadoop
307;data-mining
307;social-network-analysis
307;usecase
310;machine-learning
310;data-mining
310;python
310;classification
313;statistics
319;machine-learning
319;python
319;neuralnetwork
323;machine-learning
324;r
324;text-mining
326;machine-learning
326;r
326;python
334;education
350;knowledge-base
352;visualization
354;statistics
356;efficiency
356;scalability
356;sql
361;efficiency
361;algorithms
361;parameter
369;machine-learning
369;recommendation
369;evaluation
370;statistics
370;education
370;knowledge-base
370;definitions
371;nlp
375;bigdata
376;bigdata
376;efficiency
376;performance
376;scalability
376;distributed
382;data-mining
382;sql
382;experiments
384;classification
384;binary
384;svm
384;random-forest
384;logistic-regression
387;bigdata
387;efficiency
398;python
398;visualization
403;categorical-data
403;logistic-regression
406;machine-learning
406;time-series
410;machine-learning
410;algorithms
410;neuralnetwork
411;efficiency
411;statistics
411;tools
411;knowledge-base
412;data-cleaning
412;anonymization
418;machine-learning
418;classification
421;machine-learning
421;education
421;beginner
422;open-source
422;dataset
422;crawling
423;bigdata
423;scalability
423;distributed
424;nlp
424;text-mining
424;freebase
427;tools
430;machine-learning
430;bigdata
430;efficiency
430;scalability
430;distributed
435;data-mining
435;classification
435;relational-dbms
437;data-mining
437;statistics
437;education
441;hadoop
441;distributed
441;knowledge-base
447;machine-learning
447;data-mining
447;scalability
447;algorithms
447;feature-selection
451;efficiency
451;distributed
451;performance
453;algorithms
454;machine-learning
454;feature-selection
455;machine-learning
455;classification
455;dataset
455;clustering
455;text-mining
458;algorithms
458;clustering
461;bigdata
461;text-mining
461;recommendation
466;neuralnetwork
468;r
468;logistic-regression
473;algorithms
473;logistic-regression
474;definitions
474;social-network-analysis
474;graphs
477;algorithms
488;machine-learning
488;statistics
488;glm
492;machine-learning
492;python
492;nlp
492;neuralnetwork
492;recommendation
494;visualization
494;dataset
494;graphs
497;machine-learning
497;data-mining
497;statistics
504;classification
504;nlp
511;cross-validation
511;sampling
516;bigdata
516;data-mining
518;machine-learning
518;clustering
527;algorithms
527;similarity
530;machine-learning
531;machine-learning
531;python
531;classification
531;logistic-regression
531;topic-model
536;data-cleaning
538;machine-learning
540;knowledge-base
540;dataset
548;machine-learning
548;feature-selection
548;time-series
554;statistics
554;dataset
559;machine-learning
564;visualization
564;javascript
565;machine-learning
565;python
565;algorithms
565;scikit
565;kaggle
566;nlp
571;statistics
586;nlp
586;text-mining
587;dataset
587;market-data
594;machine-learning
594;classification
594;google
594;search
595;machine-learning
595;data-mining
595;algorithms
595;neuralnetwork
596;dataset
596;graphs
600;algorithms
605;machine-learning
605;statistics
605;recommendation
605;feature-selection
607;tools
608;neuralnetwork
613;machine-learning
613;r
613;hadoop
613;map-reduce
616;r
616;clustering
623;classification
634;machine-learning
634;bigdata
636;machine-learning
636;bigdata
636;data-mining
636;dataset
636;data-cleaning
640;classification
641;dataset
641;nlp
644;recommendation
644;similarity
646;data-indexing-techniques
653;classification
655;neuralnetwork
657;classification
658;machine-learning
660;machine-learning
660;r
660;hadoop
660;map-reduce
661;bigdata
661;hadoop
662;machine-learning
662;classification
662;nlp
662;text-mining
664;machine-learning
664;r
664;algorithms
664;optimization
670;data-mining
671;machine-learning
671;statistics
671;time-series
677;python
677;pandas
677;sklearn
678;machine-learning
678;data-mining
678;nlp
678;text-mining
679;machine-learning
679;nlp
679;search
683;classification
685;machine-learning
685;data-mining
685;r
685;logistic-regression
685;gradient-descent
694;machine-learning
694;python
694;neuralnetwork
697;bigdata
697;r
697;optimization
697;processing
700;machine-learning
700;algorithms
700;clustering
700;k-means
700;hierarchical-data-format
701;data-mining
701;clustering
704;bigdata
704;data-mining
710;text-mining
711;data-mining
711;svm
711;state-of-the-art
713;hadoop
716;machine-learning
716;neuralnetwork
716;feature-selection
716;feature-extraction
717;classification
717;definitions
717;accuracy
717;sampling
726;neuralnetwork
730;bigdata
730;data-mining
730;efficiency
730;state-of-the-art
731;neuralnetwork
736;classification
736;svm
739;education
739;definitions
739;career
744;classification
745;machine-learning
745;python
748;research
748;cross-validation
749;machine-learning
749;data-mining
749;recommendation
750;machine-learning
750;classification
750;svm
750;accuracy
750;random-forest
758;python
758;tools
760;data-mining
760;time-series
761;machine-learning
761;python
761;clustering
761;k-means
761;clusters
762;machine-learning
762;python
777;bigdata
777;data-mining
777;python
777;dataset
778;bigdata
778;python
783;r
783;visualization
784;machine-learning
784;time-series
786;data-mining
786;dataset
787;hadoop
791;machine-learning
791;dataset
793;bigdata
793;nosql
793;mongodb
802;nlp
802;databases
804;tools
804;education
804;definitions
806;machine-learning
806;accuracy
808;machine-learning
808;bigdata
808;statistics
808;career
810;machine-learning
810;dataset
812;visualization
812;graphs
815;nosql
815;databases
820;search
823;social-network-analysis
825;text-mining
829;bigdata
829;hadoop
831;knowledge-base
832;visualization
834;python
834;r
834;recommendation
838;hadoop
838;bigdata
840;pandas
840;similarity
842;machine-learning
842;bigdata
842;dataset
844;bigdata
844;hadoop
844;distributed
844;scalability
844;map-reduce
851;data-mining
851;clustering
851;similarity
853;nlp
853;text-mining
853;feature-extraction
859;hadoop
859;map-reduce
865;python
865;parsing
866;machine-learning
866;r
866;beginner
867;nlp
867;text-mining
869;neuralnetwork
872;r
872;text-mining
877;data-mining
883;r
883;dataset
883;beginner
887;data-cleaning
887;evaluation
893;r
893;statistics
893;correlation
895;graphs
896;nlp
896;efficiency
896;clustering
902;machine-learning
902;data-mining
902;statistics
902;search
903;statistics
903;dataset
904;r
904;visualization
915;bigdata
915;statistics
915;efficiency
915;scalability
917;machine-learning
917;algorithms
917;genetic
919;classification
919;cross-validation
920;text-mining
921;r
921;accuracy
921;cross-validation
921;sampling
921;beginner
922;machine-learning
922;classification
922;text-mining
927;pandas
927;cross-validation
927;sklearn
934;machine-learning
934;dataset
936;r
936;error-handling
937;feature-selection
937;sklearn
937;scikit
940;bigdata
940;recommendation
940;databases
945;machine-learning
945;classification
945;algorithms
946;r
948;tools
949;bigdata
949;hadoop
949;apache-pig
954;nlp
954;text-mining
955;nlp
957;time-series
961;untagged
962;classification
962;text-mining
962;topic-model
963;machine-learning
963;classification
963;parsing
965;correlation
968;data-mining
968;r
968;feature-selection
972;bigdata
972;data-mining
972;dataset
972;graphs
972;similarity
973;svm
974;machine-learning
974;distributed
974;map-reduce
974;dimensionality-reduction
977;machine-learning
977;clustering
979;text-mining
979;clustering
979;sklearn
979;k-means
984;dataset
985;machine-learning
985;classification
985;clustering
985;dimensionality-reduction
987;machine-learning
987;classification
987;feature-selection
987;logistic-regression
987;information-retrieval
989;python
989;svm
989;scikit
992;data-mining
992;classification
992;binary
997;dataset
997;open-source
997;freebase
1002;machine-learning
1002;data-mining
1002;tools
1002;beginner
1003;machine-learning
1003;dataset
1003;text-mining
1003;search
1007;tools
1007;crawling
1013;optimization
1013;consumerweb
1015;tools
1017;machine-learning
1020;social-network-analysis
1021;nlp
1021;similarity
1021;information-retrieval
1024;statistics
1024;glm
1024;regression
1025;machine-learning
1025;algorithms
1028;machine-learning
1028;random-forest
1029;machine-learning
1029;r
1029;python
1034;machine-learning
1034;nlp
1034;feature-selection
1034;feature-extraction
1036;python
1036;statistics
1038;bigdata
1042;social-network-analysis
1044;machine-learning
1044;bigdata
1044;data-mining
1044;python
1044;r
1045;hadoop
1050;classification
1050;r
1050;graphs
1053;tools
1053;visualization
1053;scala
1053;csv
1058;bigdata
1058;research
1059;r
1059;neuralnetwork
1059;time-series
1059;forecast
1061;dataset
1061;optimization
1069;machine-learning
1069;confusion-matrix
1070;bigdata
1071;definitions
1073;machine-learning
1073;online-learning
1074;machine-learning
1074;classification
1074;svm
1075;hadoop
1078;machine-learning
1078;classification
1078;text-mining
1079;dataset
1079;text-mining
1079;similarity
1079;information-retrieval
1080;machine-learning
1080;r
1086;machine-learning
1086;data-mining
1086;text-mining
1086;information-retrieval
1090;dataset
1091;bigdata
1091;text-mining
1092;machine-learning
1094;machine-learning
1094;r
1094;random-forest
1095;data-mining
1100;machine-learning
1100;neuralnetwork
1102;nlp
1102;language-model
1104;recommendation
1104;time-series
1105;logistic-regression
1106;machine-learning
1106;data-mining
1107;machine-learning
1107;classification
1107;dataset
1107;unbalanced-classes
1108;r
1108;unbalanced-classes
1108;gbm
1110;clustering
1110;k-means
1110;binning
1113;bigdata
1113;text-mining
1119;marketing
1119;predictive-modeling
1123;classification
1123;svm
1124;classification
1124;text-mining
1124;random-forest
1125;nlp
1125;recommendation
1128;machine-learning
1128;algorithms
1128;time-series
1132;clustering
1132;k-means
1132;beginner
1132;library
1135;machine-learning
1135;statistics
1137;classification
1137;time-series
1137;parameter
1141;education
1141;beginner
1141;career
1143;r
1147;machine-learning
1147;gradient-descent
1149;text-mining
1149;random-forest
1151;machine-learning
1151;bigdata
1154;dataset
1154;recommendation
1154;graphs
1155;statistics
1155;algorithms
1155;experiments
1159;bigdata
1159;data-mining
1159;dimensionality-reduction
1165;machine-learning
1165;bigdata
1165;data-mining
1165;statistics
1165;predictive-modeling
1166;data-mining
1166;nlp
1172;machine-learning
1172;data-mining
1172;search
1172;library
1173;dataset
1173;statistics
1173;algorithms
1174;data-mining
1174;classification
1174;dataset
1174;clustering
1174;time-series
1177;machine-learning
1177;classification
1177;algorithms
1177;beginner
1181;text-mining
1181;clustering
1183;clustering
1183;time-series
1185;neuralnetwork
1185;gradient-descent
1186;machine-learning
1186;classification
1186;python
1186;scikit
1187;statistics
1189;confusion-matrix
1190;regression
1191;clustering
1192;dataset
1192;data-cleaning
1195;classification
1196;machine-learning
1197;classification
1204;nlp
1204;tools
1205;recommendation
1208;text-mining
1208;neuralnetwork
1208;svm
1213;machine-learning
1213;dimensionality-reduction
1214;tools
1214;experiments
1216;career
1223;efficiency
1223;performance
1223;sklearn
1225;python
1225;correlation
1227;graphs
1229;machine-learning
1229;recommendation
1236;nlp
1240;statistics
1241;social-network-analysis
1243;recommendation
1243;search
1243;information-retrieval
1243;regression
1244;machine-learning
1244;predictive-modeling
1244;kaggle
1246;python
1246;gradient-descent
1246;regression
1253;machine-learning
1253;data-mining
1253;nlp
1253;neuralnetwork
2255;dataset
2257;data-mining
2257;time-series
2258;machine-learning
2258;neuralnetwork
2258;svm
2263;hbase
2268;nlp
2269;r
2269;statistics
2273;clustering
2273;regression
2273;correlation
2275;statistics
2278;r
2278;statistics
2278;regression
2284;machine-learning
2284;data-mining
2284;nlp
2284;social-network-analysis
2285;classification
2287;machine-learning
2287;logistic-regression
2287;predictive-modeling
2287;regression
2293;bigdata
2293;data-mining
2293;algorithms
2297;machine-learning
2298;machine-learning
2298;r
2298;hadoop
2298;random-forest
2298;predictive-modeling
2302;machine-learning
2302;classification
2302;r
2302;clustering
2303;machine-learning
2303;r
2303;python
2304;time-series
2304;java
2304;energy
2306;nlp
2308;bigdata
2308;hadoop
2313;machine-learning
2313;data-mining
2313;classification
2313;categorical-data
2314;random-forest
2314;online-learning
2316;machine-learning
2316;classification
2316;data-mining
2321;classification
2321;discriminant-analysis
2322;bigdata
2322;classification
2323;machine-learning
2323;recommendation
2328;r
2328;visualization
2334;dataset
2334;pandas
2337;nlp
2337;text-mining
2337;feature-extraction
2343;machine-learning
2343;bigdata
2343;data-mining
2343;clustering
2343;algorithms
2344;pandas
2346;recommendation
2346;visualization
2348;classification
2348;accuracy
2349;machine-learning
2349;data-mining
2349;classification
2352;machine-learning
2352;data-mining
2353;machine-learning
2353;matlab
2355;graphs
2359;machine-learning
2359;classification
2362;machine-learning
2362;neuralnetwork
2368;machine-learning
2368;time-series
2368;feature-selection
2373;machine-learning
2378;machine-learning
2378;data-mining
2378;dataset
2381;time-series
2382;dataset
2382;energy
2384;machine-learning
2391;machine-learning
2391;bigdata
2391;statistics
2391;anomaly-detection
2392;bigdata
2392;feature-selection
2392;scalability
2392;scikit
2394;data-formats
2395;neuralnetwork
2395;time-series
2395;regression
2398;machine-learning
2398;python
2403;education
2403;beginner
2403;career
2412;recommendation
2416;similarity
2422;octave
2426;machine-learning
2426;statistics
2427;classification
2432;bigdata
2432;performance
2432;map-reduce
2432;aws
2433;classification
2433;regression
2436;dataset
2436;categorical-data
2437;nlp
2437;neuralnetwork
2439;sequence
2445;data-mining
2445;clustering
2446;python
2447;logistic-regression
2447;java
2448;data-cleaning
2448;sql
2451;classification
2451;regression
2451;predictive-modeling
2451;unbalanced-classes
2454;hadoop
2454;aws
2463;algorithms
2463;scalability
2463;social-network-analysis
2463;library
2464;python
2464;clustering
2464;lda
2466;dimensionality-reduction
2469;r
2470;svm
2473;data-mining
2473;classification
2473;r
2473;svm
2473;categorical-data
2474;parsing
2480;visualization
2480;javascript
2486;machine-learning
2486;classification
2486;r
2486;visualization
2486;svm
2487;data-mining
2489;dataset
2489;dimensionality-reduction
2491;visualization
2491;tableau
2493;text-mining
2493;clustering
2493;neuralnetwork
2493;java
2494;machine-learning
2494;data-mining
2494;classification
2494;nlp
2495;r
2499;dataset
2500;machine-learning
2500;data-mining
2500;recommendation
2501;recommendation
2501;data-cleaning
2502;nlp
2503;machine-learning
2503;data-mining
2503;dataset
2503;recommendation
2504;machine-learning
2504;classification
2504;deep-learning
2507;text-mining
2507;clustering
2508;r
2510;career
2513;svm
2516;data-mining
2516;statistics
2516;text-mining
2516;time-series
2516;categorical-data
2521;dataset
2523;data-mining
2523;statistics
2523;predictive-modeling
2523;accuracy
2525;clustering
2527;text-mining
2527;clustering
2534;dataset
2537;random-forest
2537;accuracy
2537;gbm
2537;ensemble-modeling
2538;time-series
2538;forecast
2541;machine-learning
2541;data-mining
2541;dataset
2541;statistics
2541;recommendation
2543;machine-learning
2543;recommendation
2543;predictive-modeling
2543;software-development
2547;statistics
2547;sampling
2550;machine-learning
2550;python
2550;nlp
2550;sklearn
2550;ensemble-modeling
2558;machine-learning
2558;predictive-modeling
2558;feature-extraction
2563;visualization
2563;marketing
2563;infographics
2563;data-visualization
2564;machine-learning
2564;classification
2564;java
2567;classification
2567;r
2567;python
2567;regression
2567;predictive-modeling
2568;python
2568;nlp
2575;hadoop
2575;correlation
2575;hive
2576;dataset
2578;bigdata
2578;classification
2578;python
2578;recommendation
2578;java
2579;machine-learning
2579;data-mining
2579;statistics
2579;algorithms
2579;recommendation
2581;machine-learning
2581;nlp
2581;feature-extraction
2582;machine-learning
2582;svm
2582;feature-scaling
2586;bigdata
2586;career
2587;machine-learning
2587;data-mining
2587;java
2587;apache-mahout
2590;data-mining
2590;dataset
2590;predictive-modeling
2590;logistic-regression
2590;data-cleaning
2591;classification
2591;predictive-modeling
2591;sampling
2593;machine-learning
2593;data-mining
2596;machine-learning
2596;data-mining
2596;classification
2596;statistics
2596;nlp
2598;machine-learning
2598;data-mining
2598;algorithms
2598;recommendation
2600;python
2600;graphs
2600;optimization
2601;r
2601;graphs
2608;data-cleaning
2609;hadoop
2612;text-mining
2612;anonymization
2618;text-mining
2623;r
2623;logistic-regression
2623;regression
2627;javascript
2627;data-visualization
2628;logistic-regression
2629;bigdata
2629;definitions
2631;machine-learning
2631;data-mining
2631;clustering
2632;efficiency
2632;map-reduce
2632;performance
2632;experiments
2633;bigdata
2633;hadoop
2633;nosql
2633;aws
2634;machine-learning
2634;regression
2634;online-learning
2638;neuralnetwork
2642;machine-learning
2642;algorithms
2643;bigdata
2643;hadoop
2643;scala
2644;data-mining
2644;dataset
2645;machine-learning
2645;data-mining
2645;clustering
2646;nlp
2646;text-mining
2651;machine-learning
2651;deep-learning
2652;r
2652;hadoop
2654;predictive-modeling
2654;data-cleaning
2658;data-mining
2658;classification
2658;nlp
2658;categorical-data
2659;machine-learning
2659;classification
2667;python
2667;databases
2667;nosql
2668;scalability
2668;scala
2670;machine-learning
2670;neuralnetwork
2670;visualization
2670;deep-learning
2673;neuralnetwork
2677;classification
2677;feature-selection
2677;feature-extraction
2682;scalability
2682;graphs
2682;neo4j
3684;machine-learning
3684;bigdata
3684;hadoop
3684;scala
3687;r
3687;databases
3688;machine-learning
3688;text-mining
3690;machine-learning
3690;r
3690;open-source
3693;machine-learning
3693;data-cleaning
3699;classification
3699;logistic-regression
3699;scikit
3700;machine-learning
3702;classification
3705;scikit
3705;sklearn
3709;usecase
3711;machine-learning
3711;data-mining
3711;classification
3718;dataset
3718;data-visualization
3719;data-mining
3719;graphs
3719;databases
3719;social-network-analysis
3721;machine-learning
3721;feature-selection
3721;optimization
3728;classification
3730;r
3730;random-forest
3733;optimization
3734;r
3738;data-mining
3738;clustering
3738;time-series
3738;beginner
3740;machine-learning
3740;classification
3740;accuracy
3741;gradient-descent
3742;data-mining
3742;r
3742;dataset
3742;beginner
3743;machine-learning
3745;machine-learning
3750;nlp
3751;beginner
3751;deep-learning
3754;hadoop
3754;beginner
3754;correlation
3754;apache-pig
3759;machine-learning
3759;statistics
3760;machine-learning
3760;neuralnetwork
3763;machine-learning
3763;bigdata
3763;optimization
3766;machine-learning
3766;r
3766;logistic-regression
3766;predictive-modeling
3770;time-series
3771;time-series
3771;feature-selection
3771;predictive-modeling
3771;optimization
3772;time-series
3772;feature-selection
3779;recommendation
3779;predictive-modeling
3779;graphs
3780;machine-learning
3781;python
3781;scikit
3781;k-means
3781;dimensionality-reduction
3783;machine-learning
3783;regression
3784;classification
3784;feature-selection
3786;neo4j
3786;csv
3788;python
3788;graphs
3792;classification
3792;object-recognition
3792;hog
3792;computer-vision
3795;machine-learning
3795;algorithms
3795;correlation
3797;bigdata
3797;hadoop
3804;text-mining
3804;crawling
3807;r
3807;graphs
3808;machine-learning
3808;neuralnetwork
3811;machine-learning
3811;neuralnetwork
3814;statistics
3814;sampling
3821;time-series
3825;recommendation
3825;similarity
3825;apache-mahout
3826;machine-learning
4827;data-mining
4831;similarity
4834;statistics
4834;data-cleaning
4836;topic-model
4836;lda
4837;machine-learning
4840;machine-learning
4844;r
4845;information-retrieval
4852;bigdata
4852;relational-dbms
4855;feature-selection
4855;logistic-regression
4859;machine-learning
4859;svm
4859;feature-extraction
4864;data-mining
4864;algorithms
4873;python
4875;machine-learning
4875;r
4875;correlation
4876;r
4876;dataset
4876;data-formats
4879;algorithms
4880;machine-learning
4881;machine-learning
4881;statistics
4882;machine-learning
4882;r
4882;tools
4882;sklearn
4883;recommendation
4884;machine-learning
4901;feature-selection
4901;regression
4903;machine-learning
4903;classification
4913;machine-learning
4913;data-mining
4914;machine-learning
4914;algorithms
4917;visualization
4917;marketing
4917;tableau
4918;machine-learning
4918;r
4918;predictive-modeling
4918;optimization
4918;glm
4919;data-mining
4921;machine-learning
4921;data-mining
4921;bigdata
4921;predictive-modeling
4923;feature-extraction
4925;r
4925;python
4925;visualization
4925;data-visualization
4935;hadoop
4936;machine-learning
4936;svm
4940;machine-learning
4942;machine-learning
4942;statistics
4942;dimensionality-reduction
4943;svm
4944;machine-learning
4944;classification
4944;unbalanced-classes
4949;dataset
4949;search
4949;google
4950;text-mining
4950;information-retrieval
4950;parsing
4951;accuracy
4951;methods
4955;machine-learning
4955;classification
4955;clustering
4955;feature-extraction
4957;machine-learning
4957;neuralnetwork
4963;bigdata
4967;regression
4967;categorical-data
4968;bigdata
4971;software-development
4974;clustering
4974;graphs
4977;bigdata
4978;machine-learning
4978;svm
4979;markov-process
4979;matlab
4979;simulation
4980;machine-learning
4980;python
4980;nlp
4985;machine-learning
4985;data-mining
4985;dataset
4985;processing
4985;feature-scaling
4986;python
4986;sklearn
4986;scikit
4992;machine-learning
4995;bigdata
4995;hadoop
4998;bigdata
5000;machine-learning
5000;regression
5001;dataset
5001;open-source
5001;freebase
5007;hive
5012;machine-learning
5012;libsvm
5013;machine-learning
5013;dataset
5013;recommendation
5014;machine-learning
5021;predictive-modeling
5021;scoring
5021;ranking
5021;sports
5023;classification
5023;graphs
5024;r
5024;algorithms
5024;genetic
5033;regression
5033;predictive-modeling
5038;classification
5038;python
5040;machine-learning
5047;dataset
5047;text-mining
5047;data-cleaning
5047;processing
5050;data-mining
5050;classification
5050;statistics
5052;python
5052;nlp
5052;parsing
5055;machine-learning
5055;r
5055;predictive-modeling
5057;machine-learning
5061;bigdata
5061;beginner
5064;social-network-analysis
5073;machine-learning
5073;nlp
5074;map-reduce
5074;parallel
5075;machine-learning
5075;svm
5079;recommendation
5079;apache-mahout
5080;career
5085;machine-learning
5085;neuralnetwork
5088;hadoop
5088;apache-pig
5091;hadoop
5091;apache-pig
5091;hbase
5092;feature-selection
5093;dataset
5093;data-cleaning
5097;data-mining
5097;python
5102;apache-pig
5108;machine-learning
5108;classification
5108;topic-model
5109;machine-learning
5109;bigdata
5109;finance
5110;visualization
5110;graphs
5113;machine-learning
5113;statistics
5115;data-mining
5116;machine-learning
5116;topic-model
5116;lda
5119;machine-learning
5119;classification
5120;machine-learning
5120;data-mining
5120;statistics
5120;predictive-modeling
5121;similarity
5122;python
5122;statistics
5127;machine-learning
5129;r
5129;statistics
5137;data-mining
5137;bigdata
5138;machine-learning
5138;statistics
5142;apache-spark
5145;data-mining
5145;statistics
5147;methods
5155;clustering
5155;similarity
5155;online-learning
5159;machine-learning
5159;neuralnetwork
5159;time-series
5159;regression
5159;performance
5160;statistics
5160;social-network-analysis
5164;random-forest
5164;scikit
5165;bigdata
5165;hadoop
5165;efficiency
5165;scalability
5165;performance
5166;machine-learning
5166;dataset
5166;neuralnetwork
5166;time-series
5166;regression
5168;classification
5168;unbalanced-classes
5168;deep-learning
5168;object-recognition
5170;classification
5170;statistics
5171;machine-learning
5172;machine-learning
5175;visualization
5175;tools
5175;tableau
5178;bigdata
5178;databases
5178;binary
5178;version-control
5186;statistics
5192;visualization
5192;data-visualization
5192;tableau
5192;research
5193;machine-learning
5193;r
5193;python
5196;r
5196;scalability
5196;forecast
5197;data-mining
5197;r
5198;visualization
5198;regression
5198;linear-regression
5199;python
5204;machine-learning
5204;recommendation
5205;dataset
5205;statistics
5205;pandas
5208;machine-learning
5208;classification
5209;nlp
5209;performance
5212;data-mining
5212;bigdata
5212;software-development
5213;machine-learning
5213;error-handling
5213;matlab
5214;feature-extraction
5214;k-means
5219;data-mining
5219;bigdata
5224;neuralnetwork
5224;convnet
5224;image-classification
5226;python
5226;random-forest
5226;scikit
5227;predictive-modeling
5228;clustering
5231;machine-learning
5231;r
5231;cross-validation
5233;machine-learning
5233;r
5233;algorithms
5243;statistics
5243;predictive-modeling
5244;r
5244;predictive-modeling
5244;scoring
5245;nlp
5245;java
5249;machine-learning
5249;r
5249;predictive-modeling
5255;bigdata
5257;algorithms
5261;r
5264;machine-learning
5267;machine-learning
5267;predictive-modeling
5268;machine-learning
5268;data-mining
5268;classification
5268;bigdata
5268;statistics
5273;machine-learning
5273;classification
5277;r
5277;beginner
5279;neuralnetwork
5280;statistics
5280;algorithms
5280;graphs
5280;social-network-analysis
5284;data-mining
5284;bigdata
5284;hadoop
5287;machine-learning
5287;data-mining
5287;python
5291;data-mining
5291;r
5292;machine-learning
5292;classification
5292;object-recognition
5294;neuralnetwork
5301;algorithms
5301;search
5302;bigdata
5302;dataset
5302;data-formats
5303;machine-learning
5303;feature-extraction
5303;k-means
5304;dataset
5304;databases
5304;sampling
5305;data-mining
5305;clustering
5305;data-cleaning
5305;data-visualization
5309;neuralnetwork
5309;parameter
5309;matlab
5311;r
5313;predictive-modeling
5313;forecast
5316;machine-learning
5316;nlp
5316;text-mining
5316;data-cleaning
5318;clustering
5318;similarity
5320;python
5322;machine-learning
5322;regression
5322;svm
5323;efficiency
5323;javascript
5326;r
5326;csv
5328;machine-learning
5329;dataset
5329;clustering
5329;similarity
5330;r
5331;machine-learning
5331;python
5331;neuralnetwork
5332;machine-learning
5332;classification
5336;dataset
5336;time-series
5336;infographics
5341;statistics
5341;dimensionality-reduction
5344;gradient-descent
5345;r
5345;tools
5345;rstudio
5345;programming
5345;ide
5348;data-mining
5348;bigdata
5348;clustering
5349;machine-learning
5349;gradient-descent
5356;classification
5356;nlp
5357;machine-learning
5357;bigdata
5357;statistics
5357;programming
5358;search
5358;information-retrieval
5367;machine-learning
5367;predictive-modeling
5367;ranking
5371;r
5371;python
5371;performance
5373;bigdata
5373;sklearn
5374;machine-learning
5374;feature-scaling
5375;deep-learning
5379;bigdata
5379;open-source
5379;tableau
5380;recommendation
5383;recommendation
5383;beginner
5383;basket-analysis
5386;machine-learning
5386;dataset
5386;statistics
5386;correlation
5386;deep-learning
5393;apache-mahout
5401;data-mining
5401;python
5401;social-network-analysis
5404;data-mining
5404;r
5404;algorithms
5406;logistic-regression
5408;clustering
5408;k-means
5409;machine-learning
5409;r
5409;svm
5409;logistic-regression
5409;hog
5412;machine-learning
5412;nlp
5412;neuralnetwork
5412;parsing
5413;machine-learning
5413;computer-vision
5416;machine-learning
5416;classification
5416;data-stream-mining
5416;apache-spark
5417;machine-learning
5417;classification
5417;distributed
5417;data-stream-mining
5417;apache-spark
5420;neuralnetwork
5420;deep-learning
5421;classification
5421;matlab
5424;machine-learning
5424;predictive-modeling
5424;cross-validation
5424;evaluation
5427;machine-learning
5427;dataset
5428;graphs
5428;terminology
5433;nlp
5433;clustering
5433;text-mining
5433;algorithms
5433;social-network-analysis
5435;algorithms
5435;notation
5436;data-mining
5438;machine-learning
5438;terminology
5442;bigdata
5443;tools
5443;career
5445;classification
5445;logistic-regression
5458;machine-learning
5458;classification
5458;nlp
5458;text-mining
5459;sampling
5459;sas
5462;nlp
5462;parsing
5464;bigdata
5464;terminology
5470;visualization
5470;data-visualization
5470;tableau
5470;barplot
5471;r
5479;dataset
5481;nosql
5481;sql
5485;machine-learning
5485;data-mining
5485;statistics
5485;python
5485;correlation
5489;r
5489;logistic-regression
5489;glm
5492;data-mining
5492;statistics
5492;clustering
5492;predictive-modeling
5493;classification
5493;random-forest
5501;tools
5502;distributed
5502;state-of-the-art
5503;neuralnetwork
5503;convnet
5503;hyperparameter
5504;data-mining
5504;clustering
5514;processing
5516;processing
5519;data-mining
5519;classification
5519;clustering
5524;r
5528;machine-learning
5528;clustering
5528;algorithms
5528;hierarchical-data-format
5529;python
5529;pandas
5530;social-network-analysis
5534;data-mining
5534;python
5537;r
5543;r
5543;forecast
5544;machine-learning
5544;scikit
5544;linear-regression
5545;bigdata
5547;classification
5547;python
5547;neuralnetwork
5547;image-classification
5548;algorithms
5549;data-mining
5549;time-series
5549;anomaly-detection
5551;predictive-modeling
5555;logistic-regression
5557;machine-learning
5558;machine-learning
5558;time-series
5561;data-mining
5561;python
5565;machine-learning
5565;classification
5565;statistics
5565;logistic-regression
5566;career
5567;machine-learning
5567;neuralnetwork
5567;deep-learning
5572;classification
5572;logistic-regression
5572;scikit
5572;parameter
5572;kaggle
5574;bigdata
5574;social-network-analysis
5574;computer-vision
5574;finance
5580;data-mining
5580;bigdata
5580;sequence
5581;data-mining
5582;python
5582;regression
5585;machine-learning
5585;classification
5585;bigdata
5585;clustering
5585;algorithms
5589;dataset
5589;aws
5590;data-mining
5590;dataset
5590;beginner
5590;feature-scaling
5594;machine-learning
5594;logistic-regression
5594;scikit
5594;optimization
5594;kaggle
5600;machine-learning
5600;clustering
5600;predictive-modeling
5601;classification
5601;python
5601;svm
5602;classification
5602;python
5606;python
5609;algorithms
5610;machine-learning
5610;classification
5611;data-mining
5611;r
5611;clustering
5611;data-cleaning
5611;data-visualization
5615;gradient-descent
5615;word-embeddings
5618;statistics
5619;machine-learning
5619;neuralnetwork
5624;machine-learning
5624;classification
5624;svm
5629;aws
5629;rstudio
5632;predictive-modeling
5632;image-classification
5635;search
5635;parsing
5635;java
5639;text-mining
5643;text-mining
5643;data-cleaning
5644;data-mining
5648;python
5650;machine-learning
5650;notation
5652;r
5652;gradient-descent
5653;data-mining
5653;nlp
5654;machine-learning
5654;classification
5654;bigdata
5654;dataset
5656;data-mining
5656;clustering
5656;k-means
5663;bigdata
5663;recommendation
5663;social-network-analysis
5663;beginner
5666;predictive-modeling
5667;apache-spark
5677;statistics
5679;machine-learning
5679;nlp
5679;svm
5679;libsvm
5684;machine-learning
5684;bigdata
5684;logistic-regression
5684;scala
5684;apache-spark
5687;text-mining
5689;machine-learning
5689;svm
5689;performance
5690;data-mining
5690;algorithms
5693;bigdata
5693;clustering
5694;machine-learning
5694;dimensionality-reduction
5695;neuralnetwork
5701;tools
5703;knowledge-base
5706;machine-learning
5706;neuralnetwork
5707;bigdata
5707;algorithms
5707;map-reduce
5708;machine-learning
5708;classification
5708;nlp
5708;text-mining
5710;machine-learning
5710;r
5710;logistic-regression
5710;apache-spark
5714;bigdata
5715;apache-spark
5717;machine-learning
5717;classification
5717;svm
5717;search
5718;python
5718;nlp
5723;machine-learning
5725;machine-learning
5730;machine-learning
5730;classification
5730;clustering
5732;data-mining
5735;visualization
5735;data-visualization
5737;data-mining
5741;machine-learning
5741;r
5746;clustering
5746;k-means
5747;statistics
5747;survival-analysis
5750;data-mining
5751;statistics
5751;nlp
5751;text-mining
5751;time-series
5761;data-mining
5761;bigdata
5766;data-mining
5766;bigdata
5766;dataset
5771;machine-learning
5771;search
5771;ranking
5775;classification
5775;python
5775;nlp
5775;text-mining
5776;r
5776;logistic-regression
5777;random-forest
5777;scikit
5783;career
5789;data-mining
5789;social-network-analysis
5789;crawling
5791;machine-learning
5793;similarity
5797;classification
5797;dataset
5797;data-cleaning
5799;machine-learning
5799;classification
5799;algorithms
5799;graphs
5801;machine-learning
5801;random-forest
5801;k-means
5801;dimensionality-reduction
5802;machine-learning
5802;data-mining
5802;graphs
5803;experiments
5803;marketing
5804;python
5804;nlp
5808;r
5809;r
5810;bigdata
5810;optimization
5810;finance
5817;data-mining
5817;dataset
5817;regression
5817;correlation
5817;data-visualization
5819;python
5819;dataset
5819;data-cleaning
5821;neuralnetwork
5821;deep-learning
5821;convnet
5822;r
5822;markov-process
5823;clustering
5823;text-mining
5823;k-means
5823;categorical-data
5826;education
5826;career
5830;nlp
5830;java
5833;machine-learning
5833;classification
5838;machine-learning
5838;data-mining
5838;classification
5838;clustering
5842;data-indexing-techniques
5842;indexing
5844;python
5844;survival-analysis
5846;machine-learning
5846;algorithms
5846;beginner
5855;r
5855;optimization
5856;machine-learning
5856;definitions
5856;knowledge-base
5860;beginner
5860;books
5863;machine-learning
5863;neuralnetwork
5867;r
5867;gbm
5867;multiclass-classification
5874;predictive-modeling
5875;classification
5875;algorithms
5875;feature-selection
5881;algorithms
5881;neuralnetwork
5881;genetic-algorithms
5885;machine-learning
5885;javascript
5890;machine-learning
5890;data-mining
5890;nlp
5890;text-mining
5893;data-mining
5893;nlp
5893;information-retrieval
5893;language-model
5897;education
5899;machine-learning
5899;algorithms
5899;predictive-modeling
5899;ranking
5910;python
5910;regression
5910;correlation
5910;matlab
5910;linear-regression
5913;dataset
5913;recommendation
5913;data-cleaning
5916;machine-learning
5916;clustering
5916;scikit
5918;r
5921;feature-selection
5921;featurization
5924;classification
5927;machine-learning
5927;nlp
5927;text-mining
5932;hadoop
5932;java
5932;hive
5933;machine-learning
5933;data-mining
5933;dataset
5936;python
5936;svm
5936;forecast
5941;machine-learning
5941;bigdata
5941;topic-model
5941;lda
5944;statistics
5945;beginner
5946;machine-learning
5946;clustering
5951;kibana
5951;elk
5954;knowledge-base
5958;algorithms
5960;machine-learning
5960;python
5960;deep-learning
5960;library
5964;clustering
5968;hive
5969;text-mining
5969;multiclass-classification
5970;machine-learning
5970;classification
5970;r
5970;sampling
5972;machine-learning
5972;classification
5972;text-mining
5973;machine-learning
5973;regression
5981;classification
5983;machine-learning
5983;r
5983;logistic-regression
5983;random-forest
5985;data-visualization
5987;machine-learning
5987;data-mining
5987;neuralnetwork
5987;deep-learning
5990;feature-extraction
5990;feature-scaling
5990;featurization
5991;machine-learning
5991;dataset
5991;multiclass-classification
5992;data-mining
5992;nlp
5992;algorithms
5996;data-mining
5996;bigdata
5996;databases
5996;sql
5996;mongodb
6004;data-mining
6004;text-mining
6004;feature-selection
6004;feature-extraction
6005;r
6005;data-visualization
6006;data-visualization
6011;machine-learning
6011;classification
6011;regression
6011;scoring
6013;machine-learning
6015;random-forest
6015;ensemble-modeling
6016;machine-learning
6018;machine-learning
6018;predictive-modeling
6019;definitions
6019;knowledge-base
6021;random-forest
6021;gradient-descent
6022;dataset
6022;data-cleaning
6022;random-forest
6027;machine-learning
6027;neuralnetwork
6027;data-visualization
6028;python
6028;optimization
6028;performance
6030;machine-learning
6030;nlp
6031;weather
6031;interpolation
6032;bigdata
6032;time-series
6032;data-cleaning
6036;r
6037;machine-learning
6037;r
6040;data-mining
6040;classification
6040;clustering
6040;clusters
6042;classification
6042;sampling
6044;data-mining
6048;classification
6048;logistic-regression
6048;decision-trees
6050;feature-extraction
6051;machine-learning
6051;java
6052;python
6052;nlp
6052;text-mining
6054;machine-learning
6054;svm
6064;r
6066;machine-learning
6066;classification
6066;text-mining
6068;machine-learning
6068;deep-learning
6068;research
6069;neuralnetwork
6070;clustering
6070;time-series
6072;machine-learning
6072;csv
6075;classification
6075;predictive-modeling
6075;unbalanced-classes
6076;machine-learning
6076;feature-scaling
6078;text-mining
6078;topic-model
6080;text-mining
6080;information-retrieval
6082;r
6082;visualization
6084;visualization
6086;clustering
6086;similarity
6088;classification
6088;unbalanced-classes
6089;statistics
6089;predictive-modeling
6089;regression
6092;machine-learning
6092;dataset
6092;cross-validation
6097;machine-learning
6097;classification
6097;r
6098;machine-learning
6098;clustering
6098;binary
6099;python
6099;distributed
6099;sampling
6100;python
6100;nlp
6101;recommendation
6103;machine-learning
6103;aws
6104;bigdata
6104;apache-spark
6104;scala
6107;neuralnetwork
6107;convnet
6108;machine-learning
6108;python
6108;deep-learning
6108;image-classification
6110;machine-learning
6110;self-study
6111;bigdata
6111;r
6111;python
6113;machine-learning
6113;clustering
6113;sequence
6115;machine-learning
6115;r
6115;text-mining
6116;performance
6116;accuracy
6120;career
6122;r
6122;data-visualization
6123;machine-learning
6123;classification
6123;python
6123;svm
6123;regression
6133;machine-learning
6133;data-mining
6133;classification
6133;r
6133;decision-trees
6137;machine-learning
6137;dimensionality-reduction
6139;bigdata
6139;hadoop
6140;r
6140;dataset
6141;dataset
6144;python
6144;statistics
6144;feature-scaling
6146;r
6146;dataset
6150;bigdata
6150;matlab
6151;python
6151;named-entity-recognition
6151;twitter
6153;neuralnetwork
6165;machine-learning
6165;classification
6165;python
6169;python
6169;apache-spark
6172;machine-learning
6172;classification
6172;genes
6172;bioinformatics
6172;data
6174;r
6174;rstudio
6175;r
6175;performance
6175;mongodb
6176;machine-learning
6176;neuralnetwork
6176;knowledge-base
6176;java
6181;dataset
6182;machine-learning
6182;r
6183;text-mining
6183;definitions
6183;terminology
6184;r
6184;python
6184;data
6186;machine-learning
6186;online-learning
6188;machine-learning
6188;data-mining
6188;python
6189;machine-learning
6189;python
6190;machine-learning
6190;logistic-regression
6192;clustering
6192;algorithms
6192;k-means
6200;machine-learning
6200;dataset
6201;data-mining
6201;sports
6202;data-mining
6202;clustering
6205;nlp
6206;dataset
6206;neuralnetwork
6208;machine-learning
6208;data-mining
6208;dataset
6209;text-mining
6212;machine-learning
6212;r
6213;statistics
6216;machine-learning
6217;machine-learning
6217;scikit
6224;machine-learning
6224;neuralnetwork
6226;machine-learning
6226;r
6226;random-forest
6227;graphs
6227;sql
6232;machine-learning
6232;r
6232;similarity
6232;correlation
6233;dataset
6233;statistics
6233;algorithms
6235;machine-learning
6235;data-mining
6235;dataset
6235;databases
6236;bigdata
6236;python
6236;hadoop
6236;map-reduce
6242;python
6242;nlp
6242;java
6242;gate
6243;regression
6243;linear-regression
6244;beginner
6244;linear-regression
6247;python
6247;clustering
6247;scikit
6253;data-mining
6253;text-mining
6254;logistic-regression
6254;online-learning
6254;apache-mahout
6255;machine-learning
6255;statistics
6257;machine-learning
6257;classification
6259;r
6259;crawling
6264;classification
6264;clustering
6264;apache-mahout
6267;machine-learning
6267;optimization
6268;python
6268;categorical-data
6268;apache-spark
6270;text-mining
6274;clustering
6274;k-means
6274;categorical-data
6279;machine-learning
6279;feature-selection
6279;correction
6279;language
6280;r
6281;machine-learning
6281;r
6281;sampling
6290;python
6290;neuralnetwork
6290;predictive-modeling
6292;graphs
6292;social-network-analysis
6294;algorithms
6294;knowledge-base
6295;data-mining
6295;r
6297;machine-learning
6297;data-mining
6301;python
6301;data
6304;machine-learning
6304;data-mining
6304;classification
6304;random-forest
6304;decision-trees
6308;statistics
6308;apache-spark
6314;statistics
6314;accuracy
6314;data
6316;decision-trees
6318;machine-learning
6318;feature-selection
6322;clustering
6322;data-cleaning
6325;clustering
6325;clusters
6328;python
6331;hadoop
6331;databases
6331;sql
6331;mongodb
6339;machine-learning
6339;data-mining
6340;machine-learning
6340;r
6340;neuralnetwork
6340;predictive-modeling
6340;performance
6341;machine-learning
6341;clustering
6342;python
6342;clustering
6342;data
6345;data-mining
6345;feature-extraction
6345;pandas
6349;machine-learning
6349;data-mining
6349;classification
6350;machine-learning
6350;clustering
6350;k-means
6350;anomaly-detection
6355;regression
6355;linear-regression
6361;r
6361;statistics
6361;simulation
6365;data-mining
6365;python
6367;machine-learning
6370;hadoop
6375;machine-learning
6375;classification
6375;feature-selection
6375;confusion-matrix
6375;computer-vision
6378;linear-regression
6379;r
6380;machine-learning
6380;data-mining
6380;r
6380;predictive-modeling
6380;random-forest
6384;machine-learning
6384;classification
6387;nlp
6387;data-formats
6391;machine-learning
6391;r
6391;neuralnetwork
6391;predictive-modeling
6391;forecast
6393;data-mining
6393;python
6393;text-mining
6393;predictive-modeling
6394;data-cleaning
6394;databases
6395;neuralnetwork
6395;gradient-descent
6398;python
6398;pandas
6398;linear-regression
6404;algorithms
6405;machine-learning
6406;clustering
6410;neuralnetwork
6410;matlab
6414;machine-learning
6414;scalability
6414;sklearn
6414;apache-spark
6417;machine-learning
6417;classification
6420;machine-learning
6420;deep-learning
6420;apache-spark
6423;data-mining
6426;bigdata
6426;dataset
6426;hadoop
6426;apache-spark
6426;data
6427;r
6433;neuralnetwork
6433;matlab
6435;machine-learning
6436;dataset
6436;algorithms
6438;machine-learning
6438;optimization
6440;deep-learning
6440;multitask-learning
6446;machine-learning
6446;data-mining
6446;r
6446;classification
6446;predictive-modeling
6447;machine-learning
6447;data-mining
6447;r
6447;linear-regression
6449;machine-learning
6453;machine-learning
6453;regression
6456;neuralnetwork
6456;matlab
6459;machine-learning
6459;neuralnetwork
6459;feature-selection
6459;feature-extraction
6460;deep-learning
6460;multiclass-classification
6462;statistics
6462;regression
6464;machine-learning
6464;classification
6464;social-network-analysis
6467;machine-learning
6467;classification
6472;python
6476;machine-learning
6476;data-mining
6477;machine-learning
6477;regression
6478;machine-learning
6479;dataset
6479;data
6480;machine-learning
6480;algorithms
6486;data-mining
6486;r
6486;data-cleaning
6490;parameter
6492;r
6492;clustering
6492;k-means
6494;machine-learning
6494;markov-process
6495;data-mining
6495;dataset
6495;matlab
6495;programming
6498;nlp
6498;data-formats
6500;r
6501;r
6501;data-cleaning
6504;categorical-data
6504;finance
6506;nlp
6506;word-embeddings
6507;r
6508;clustering
6508;k-means
6509;predictive-modeling
6509;time-series
6510;random-forest
6510;cross-validation
6511;linear-regression
6513;data-mining
6515;sql
6515;hive
6519;machine-learning
6519;dataset
6525;similarity
6525;correlation
6528;python
6528;algorithms
6530;machine-learning
6530;python
6531;python
6531;dataset
6531;k-means
6533;data
6538;time-series
6539;databases
6539;data
6539;sql
6544;time-series
6544;correlation
6546;apache-spark
6546;scala
6547;machine-learning
6547;data-mining
6547;python
6547;anomaly-detection
6550;machine-learning
6550;data-mining
6553;text-mining
6553;word-embeddings
6555;python
6555;apache-spark
6558;machine-learning
6558;nlp
6558;similarity
6558;correlation
6561;tools
6561;beginner
6561;processing
6561;shell
6561;cheatsheet
6570;data-mining
6575;programming
6575;consumerweb
6576;machine-learning
6576;data-mining
6576;bigdata
6577;r
6578;classification
6585;knowledge-base
6587;visualization
6587;data-visualization
6588;bigdata
6590;svm
6590;feature-selection
6590;scikit
6591;machine-learning
6591;neuralnetwork
6592;r
6592;optimization
6594;optimization
6595;r
6595;classification
6595;feature-selection
6595;categorical-data
6601;classification
6601;time-series
6602;r
6602;python
6604;regression
6608;dataset
6608;hadoop
6610;machine-learning
6610;data-mining
6610;bigdata
6610;statistics
6610;hadoop
6611;machine-learning
6611;recommendation
6611;apache-spark
6612;nlp
6612;dimensionality-reduction
6612;word-embeddings
6616;algorithms
6616;graphs
6616;apache-spark
6616;parallel
6618;machine-learning
6618;data-mining
6618;statistics
6618;data-cleaning
6618;data
6620;machine-learning
6621;data-mining
6623;data-mining
6623;dataset
6624;machine-learning
6626;neuralnetwork
6626;deep-learning
6626;library
6629;data-mining
6629;dataset
6629;data-cleaning
6630;statistics
6630;parameter
6631;data-cleaning
6631;processing
6632;machine-learning
6632;classification
6633;python
6634;time-series
6635;nlp
6635;word-embeddings
6635;software-recommendation
6639;neuralnetwork
6639;homework
6642;machine-learning
6642;r
6642;predictive-modeling
6643;deep-learning
6645;machine-learning
6645;data-mining
6645;r
6645;classification
6645;random-forest
6648;machine-learning
6648;nlp
6649;machine-learning
6649;r
6649;python
6649;statistics
6656;machine-learning
6656;r
6656;python
6657;neuralnetwork
6657;spss
6659;data
6660;r
6660;recommendation
6660;similarity
6665;python
6665;topic-model
6665;lda
6669;data-mining
6674;data-mining
6674;algorithms
6675;machine-learning
6675;classification
6675;neuralnetwork
6676;python
6676;logistic-regression
6676;scikit
6676;gradient-descent
6677;r
6679;r
6679;clustering
6679;time-series
6679;bioinformatics
6680;machine-learning
6680;dataset
6680;algorithms
6681;machine-learning
6681;predictive-modeling
6681;survival-analysis
6682;dataset
6683;feature-selection
6683;random-forest
6683;scikit
6686;machine-learning
6687;clustering
6687;clusters
6687;hierarchical-data-format
6691;machine-learning
6691;nlp
6691;social-network-analysis
6692;dataset
6692;java
6693;machine-learning
6693;data-mining
6694;machine-learning
6694;books
6700;machine-learning
6700;markov-process
6701;r
6709;machine-learning
6715;python
6715;clustering
6715;clusters
6715;anomaly-detection
6719;machine-learning
6721;data-mining
6721;random-forest
6721;data
6721;decision-trees
6721;preprocessing
6723;machine-learning
6726;python
6726;random-forest
6726;scikit
6727;python
6727;csv
6728;r
6728;clustering
6728;bioinformatics
6730;career
6731;categorical-data
6731;simulation
6734;time-series
6735;statistics
6735;correlation
6735;linear-regression
6736;usecase
6737;nlp
6740;optimization
6742;machine-learning
6742;matlab
6744;machine-learning
6744;svm
6744;dimensionality-reduction
6744;libsvm
6748;r
6748;time-series
6749;r
6750;machine-learning
6750;bigdata
6750;algorithms
6750;decision-trees
6751;machine-learning
6751;nlp
6751;deep-learning
6751;word-embeddings
6753;data-mining
6753;r
6760;nlp
6760;topic-model
6765;machine-learning
6765;data-mining
6765;r
6765;predictive-modeling
6765;data
6766;classification
6766;text-mining
6768;machine-learning
6768;python
6768;svm
6768;sklearn
6773;r
6774;python
6774;markov-process
6775;machine-learning
6775;object-recognition
6776;machine-learning
6776;deep-learning
6778;performance
6778;multiclass-classification
6778;software-recommendation
6778;multilabel-classification
6783;feature-extraction
6783;multiclass-classification
6785;r
6786;machine-learning
6786;data
6786;search
6787;machine-learning
6787;algorithms
6787;decision-trees
6789;machine-learning
6789;neuralnetwork
6791;dataset
6791;statistics
6791;beginner
6792;bigdata
6794;visualization
6794;graphs
6797;r
6797;classification
6797;unbalanced-classes
6797;hyperparameter
6798;nlp
6798;reference-request
