ID;TagName;Count
1;definitions;12
2;machine-learning;420
3;bigdata;115
5;data-mining;171
6;databases;19
8;libsvm;4
10;scalability;16
11;efficiency;19
12;performance;19
13;nosql;12
14;relational-dbms;3
15;clustering;83
16;octave;2
17;k-means;20
19;algorithms;65
21;tools;24
22;processing;9
23;hadoop;47
24;r;155
26;data-cleaning;32
27;statistics;84
28;parallelism;2
29;distributed;12
31;neo4j;3
32;recommendation;40
35;information-retrieval;11
36;google;3
37;search;15
39;education;13
40;open-source;8
42;similarity;21
43;data-stream-mining;4
45;dimensionality-reduction;16
46;python;117
47;nlp;81
48;language-model;3
50;topic-model;11
51;lda;7
54;feature-selection;32
55;map-reduce;12
56;mongodb;5
59;indexing;2
60;data-indexing-techniques;3
61;dataset;96
62;.net;1
64;pandas;12
65;parallel;4
66;metadata;2
67;parsing;9
71;social-network-analysis;22
72;time-series;41
73;javascript;6
74;visualization;30
76;svm;34
77;classification;147
78;binary;5
80;optimization;20
81;neuralnetwork;71
82;usecase;4
83;consumerweb;3
84;parameter;7
86;clusters;6
87;aws;8
88;sklearn;13
90;text-mining;67
94;freebase;3
95;knowledge-base;14
100;confusion-matrix;4
101;accuracy;12
102;categorical-data;14
104;data-formats;6
105;hierarchical-data-format;4
108;sql;9
109;research;4
110;experiments;5
113;random-forest;27
114;logistic-regression;32
115;evaluation;3
116;crawling;5
119;anonymization;2
120;beginner;24
123;graphs;28
124;cross-validation;9
126;sampling;12
128;scikit;22
129;kaggle;4
135;gradient-descent;12
136;feature-extraction;18
138;state-of-the-art;3
139;career;14
143;genetic;2
144;correlation;17
146;error-handling;2
147;apache-pig;5
156;glm;4
157;regression;35
158;scala;7
159;csv;5
160;online-learning;6
162;unbalanced-classes;8
164;gbm;3
167;marketing;4
168;predictive-modeling;51
175;library;5
179;java;14
180;energy;2
184;anomaly-detection;5
185;forecast;7
186;sequence;3
191;hbase;2
193;tableau;6
194;deep-learning;21
195;ensemble-modeling;3
197;infographics;2
198;data-visualization;16
200;feature-scaling;7
201;apache-mahout;6
202;hive;5
205;object-recognition;4
206;hog;2
207;computer-vision;4
211;methods;2
212;scoring;3
213;ranking;4
214;sports;3
215;markov-process;5
216;matlab;12
217;simulation;3
218;finance;4
219;apache-spark;18
220;linear-regression;11
222;version-control;1
223;convnet;4
224;image-classification;4
225;untagged;2
226;software-development;3
227;rstudio;3
229;programming;4
230;ide;1
231;basket-analysis;1
232;notation;2
233;terminology;4
234;barplot;1
235;sas;1
236;hyperparameter;2
237;survival-analysis;3
238;discriminant-analysis;1
239;multiclass-classification;6
240;books;2
241;kibana;1
242;elk;1
243;genetic-algorithms;1
244;featurization;2
245;weather;1
247;interpolation;1
249;decision-trees;7
250;self-study;1
251;named-entity-recognition;1
252;twitter;1
253;genes;1
254;bioinformatics;3
255;data;14
257;gate;1
258;correction;1
259;language;1
261;multitask-learning;1
262;binning;1
263;market-data;1
264;shell;1
265;cheatsheet;1
266;word-embeddings;6
268;homework;1
269;software-recommendation;2
270;spss;1
271;preprocessing;1
272;multilabel-classification;1
273;reference-request;1
